浅卡其男,XXXL
燕麦灰女,S
幻影黑男,L
凝夜紫男,XL
幻影黑男,XL
幻影黑男,M
燕麦灰女,S
幻影黑女,L
幻影黑男,XXL
幻影黑男,XL
幻影黑男,M
幻影黑男,L
深蓝男,XXXL
浅卡其男,XL
浅卡其男,M
幻影黑女,M
幻影黑男,XL
幻影黑男,XL
黑色印花/黑色 男款,XXL
幻影黑男,XXL
浅卡其男,XL
幻影黑男,XL
幻影黑男,XXL
幻影黑男,XXXL
浅卡其男,S
幻影黑男,L
银化绿女,XL
幻影黑男,XL
幻影黑男,M
幻影黑男,XL
幻影黑男,XXL
幻影黑女,M
浅卡其男,M
幻影黑男,M
燕麦灰女,XXL
幻影黑男,XL
幻影黑男,XXL
幻影黑男,XL
幻影黑男,L
深蓝男,XXXL
橄榄黑男,XL
幻影黑男,XL
幻影黑男,XL
幻影黑男,XL
橄榄黑男,XXL
幻影黑男,XL
幻影黑男,XXL
幻影黑男,XXL
幻影黑男,L
凝夜紫男,L
幻影黑男,M
幻影黑男,M
幻影黑男,XL
幻影黑男,L
幻影黑男,XL
幻影黑男,XL
幻影黑男,XL
幻影黑男,XXXL
浅卡其男,XL
浅卡其男,XXL
幻影黑男,M
幻影黑男,M
幻影黑男,XXL
幻影黑男,L
幻影黑男,XXL
幻影黑男,L
幻影黑男,L
幻影黑男,M
幻影黑男,XXL
幻影黑女,XL
幻影黑男,L
幻影黑男,XL
幻影黑男,S
枪灰色男,L
浅卡其男,L
幻影黑男,M
幻影黑男,M
幻影黑男,L
幻影黑男,XL
浅卡其男,XXL
浅卡其男,XXXL
幻影黑男,M
幻影黑男,L
幻影黑男,L
幻影黑男,L
幻影黑男,L
幻影黑男,XL
幻影黑男,M
燕麦灰女,M
幻影黑男,XXL
幻影黑男,XXL
橄榄黑男,XXL
浅卡其男,S
幻影黑男,L
幻影黑男,XL
浅卡其男,XXXL
幻影黑男,L
橄榄黑男,M
幻影黑男,XL
燕麦灰女,L
幻影黑男,M
幻影黑男,XL
幻影黑男,M
幻影黑男,L
幻影黑男,L
幻影黑男,L
幻影黑男,L
幻影黑女,S
幻影黑男,XXL
幻影黑男,XXXL
幻影黑男,L
幻影黑男,L
浅卡其男,XXL
幻影黑男,XL
幻影黑男,M
幻影黑男,XL
深蓝男,XL
幻影黑男,M
银化绿女,M
幻影黑男【预售15-20天】,M
浅卡其男,XXL
幻影黑男,XL
幻影黑男【预售15-20天】,M
幻影黑男,XL
橄榄黑男,L
幻影黑男,XL
幻影黑男,XL
幻影黑男,XL
幻影黑男,M
燕麦灰女,XL
幻影黑男,XL
浅卡其男,L
幻影黑男【预售15-20天】,L
幻影黑男,M
幻影黑男,XL
幻影黑男,L
幻影黑男,XL
幻影黑男,M
浅卡其男,L
幻影黑男【预售15-20天】,L
幻影黑男,XL
幻影黑男,XXXL
幻影黑男,M
幻影黑男,XL
幻影黑男,XL
幻影黑男,S
橄榄黑男,L
幻影黑男,L
暮蓝女,M
幻影黑男,XL
浅卡其男,XL
浅卡其男,S
幻影黑男,L
幻影黑男,XL
幻影黑男【预售15-20天】,XL
幻影黑男,XL
暮蓝女,L
幻影黑女,M
雪柔紫女,L
燕麦灰女,XL
幻影黑男【预售15-20天】,L
幻影黑男,M
幻影黑男【预售15-20天】,XL
浅卡其男,XL
幻影黑男,S
幻影黑男,L
幻影黑女,L
银化绿女,M
幻影黑男,XL
幻影黑男,XL
燕麦灰女,L
幻影黑男【预售15-20天】,XL
深蓝男,XXXL
浅卡其男,L
幻影黑男,M
浅卡其男,XL
幻影黑男,XXXL
幻影黑男,M
浅卡其男,S
幻影黑男,M
幻影黑男,M
幻影黑男,XXXL
深蓝男,XXXL
深榄绿男,XL
幻影黑男【预售15-20天】,M
暮蓝女,S
浅卡其男,XXXL
幻影黑男,XL
幻影黑男,L
幻影黑男【预售15-20天】,XXXL
幻影黑男,L
幻影黑男,XXL
暮蓝女,L
幻影黑男,M
幻影黑男,L
幻影黑男,XL
幻影黑男【预售15-20天】,XL
幻影黑男,M
燕麦灰女,XL
幻影黑男,XL
幻影黑男【预售15-20天】,XL
幻影黑男,L
幻影黑男,L
幻影黑男【预售15-20天】,L
幻影黑男,M
幻影黑男,L
燕麦灰女,M
幻影黑男【预售15-20天】,XL
幻影黑男,XXL
幻影黑男【预售15-20天】,XXL
幻影黑男,L
幻影黑男,XL
幻影黑男【预售15-20天】,XL
幻影黑男,XL
燕麦灰女,L
幻影黑男,XL
幻影黑男,XXXL
幻影黑男,XL
幻影黑男【预售15-20天】,S
幻影黑男,XL
燕麦灰女,M
幻影黑女,M
幻影黑男【预售15-20天】,S
橄榄黑男,S
雪柔紫女,L
幻影黑男,L
幻影黑男【预售15-20天】,S
幻影黑男,L
浅卡其男,XL
浅卡其男,M
幻影黑男【预售15-20天】,L
幻影黑男,XXL
燕麦灰女,S
幻影黑男,XL
幻影黑女,S
幻影黑男【预售15-20天】,XL
浅卡其男,L
幻影黑男【预售15-20天】,L
幻影黑男,XL
燕麦灰女,XL
幻影黑男,M
幻影黑男【预售15-20天】,XL
幻影黑男,XL
幻影黑女,S
幻影黑女,XL
幻影黑男,L
幻影黑男,XL
幻影黑男,XXL
浅卡其男,XL
浅卡其男,L
栗棕男,L
浅卡其男,XXL
幻影黑男,L
燕麦灰女,M
幻影黑男,XL
幻影黑男【预售15-20天】,S
深榄绿男,M
幻影黑男,L
幻影黑男,XL
幻影黑男,L
橄榄黑男,M
幻影黑男,XL
浅卡其男,L
幻影黑男,XL
幻影黑男,XXL
幻影黑男,S
幻影黑男,M
幻影黑男,L
幻影黑男,M
幻影黑男,L
幻影黑男,L
幻影黑男,S
幻影黑男【预售15-20天】,XXXL
幻影黑男,M
浅卡其男,XL
幻影黑男,XL
幻影黑男,L
幻影黑男,S
幻影黑男【预售15-20天】,XXL
幻影黑男【预售15-20天】,XXL
幻影黑男【预售15-20天】,XXXL
幻影黑男,XL
幻影黑【男女同款】,L
幻影黑男【预售15-20天】,L
银化绿女,M
幻影黑男,XXL
幻影黑男【预售15-20天】,XL
幻影黑.【男女同款】,S
幻影黑【男女同款】,M
幻影黑【男女同款】,XXL
幻影黑男【预售15-20天】,M
燕麦灰女,L
幻影黑男【预售15-20天】,XL
幻影黑男【预售15-20天】,M
幻影黑男【预售15-20天】,M
深蓝男,XXL
幻影黑男【预售15-20天】,L
幻影黑男,L
深榄绿男,L
幻影黑男【预售15-20天】,XXL
幻影黑男,M
橄榄黑男,L
幻影黑男【预售15-20天】,XL
幻影黑.【男女同款】,L
银化绿女,XXL
深蓝男,XL
幻影黑.【男女同款】,L
幻影黑男【预售15-20天】,L
幻影黑.男,L
幻影黑男【预售15-20天】,L
幻影黑.【男女同款】,XL
幻影黑男【预售15-20天】,S
浅卡其男,XL
幻影黑女,XL
幻影黑男【预售15-20天】,M
幻影黑男【预售15-20天】,XXXL
幻影黑男【预售15-20天】,S
幻影黑男【预售15-20天】,XL
雪柔紫女,M
幻影黑男【预售15-20天】,M
幻影黑男【预售15-20天】,L
幻影黑女,S
幻影黑男【预售15-20天】,L
银化绿女,M
幻影黑男【预售15-20天】,L
浅卡其男,L
浅卡其男,XL
幻影黑女,S
枪灰色男,XL
幻影黑【男女同款】,XL
幻影黑男【预售15-20天】,XL
幻影黑男【预售15-20天】,S
燕麦灰女,M
栗棕男,XL
幻影黑男【预售15-20天】,XXL
幻影黑男【预售15-20天】,M
浅卡其男,L
幻影黑女,M
浅卡其男,S
幻影黑【男女同款】,XL
燕麦灰女,S
幻影黑男【预售15-20天】,M
暮蓝女,M
暮蓝女,L
幻影黑【男女同款】,L
幻影黑男【预售15-20天】,L
银化绿女,L
幻影黑男,XXL
幻影黑男【预售15-20天】,XL
幻影黑男【预售15-20天】,M
枪灰色男,L
幻影黑男【预售15-20天】,L
浅卡其男,XL
幻影黑男【预售15-20天】,L
幻影黑男【预售15-20天】,L
幻影黑【男女同款】,L
暮蓝女,M
深榄绿男,L
幻影黑男【预售15-20天】,M
幻影黑男【预售15-20天】,XL
凝夜紫男,XL
深榄绿男,M
幻影黑男,XXXL
浅卡其男,XL
幻影黑-1男,M
浅卡其男,XL
幻影黑男【预售15-20天】,XXXL
幻影黑男【预售15-20天】,S
深蓝男,M
幻影黑女,M
幻影黑男【预售15-20天】,L
幻影黑男【预售15-20天】,XL
燕麦灰女,XL
幻影黑女,M
银化绿女,L
幻影黑-1男,XXXL
深蓝男,XXXL
燕麦灰女,M
幻影黑-1男,XXL
幻影黑【男女同款】,XL
幻影黑男【预售15-20天】,M
幻影黑男,M
幻影黑男【预售15-20天】,L
燕麦灰女,M
幻影黑男【预售15-20天】,XL
幻影黑男【预售15-20天】,L
幻影黑【男女同款】,S
幻影黑男【预售15-20天】,XL
幻影黑男【预售15-20天】,M
幻影黑男【预售15-20天】,L
幻影黑男【预售15-20天】,XL
幻影黑女,L
深蓝男,XXXL
幻影黑男【预售15-20天】,XXL
幻影黑【男女同款】,XXXL
幻影黑男【预售15-20天】,L
幻影黑男【预售15-20天】,M
幻影黑男,XXL
幻影黑男【预售15-20天】,XXL
幻影黑男【预售15-20天】,XL
幻影黑女,S
幻影黑男【预售15-20天】,XL
橄榄黑男,L
幻影黑男【预售15-20天】,XL
幻影黑男【预售15-20天】,M
幻影黑.【男女同款】,L
幻影黑男,M
幻影黑女,L
幻影黑男【预售15-20天】,L
幻影黑女,S
幻影黑男【预售15-20天】,S
幻影黑男【预售15-20天】,XL
月光蓝女,L
幻影黑男【预售15-20天】,XXXL
暮蓝女,M
幻影黑男【预售15-20天】,L
幻影黑男【预售15-20天】,L
浅卡其男,XL
幻影黑男【预售15-20天】,XXXL
月光蓝女,M
幻影黑男【预售15-20天】,M
幻影黑女,S
幻影黑【男女同款】,M
幻影黑男【预售15-20天】,L
幻影黑男【预售15-20天】,M
燕麦灰女,L
燕麦灰女,S
幻影黑男【预售15-20天】,L
幻影黑男【预售15-20天】,S
幻影黑.男,XL
浅卡其男,XXL
燕麦灰女,S
幻影黑男【预售15-20天】,M
燕麦灰女,XXL
幻影黑男【预售15-20天】,XL
幻影黑男【预售15-20天】,XL
幻影黑男【预售15-20天】,L
幻影黑男【预售15-20天】,XXL
幻影黑男【预售15-20天】,XL
幻影黑男【预售15-20天】,L
幻影黑男【预售15-20天】,M
幻影黑女,XL
幻影黑男【预售15-20天】,M
幻影黑男【预售15-20天】,XXL
幻影黑女,L
幻影黑女,S
栗棕男,L
幻影黑男【预售15-20天】,XL
幻影黑男,XXL
幻影黑男【预售15-20天】,M
幻影黑男【预售15-20天】,XXL
幻影黑男【预售15-20天】,XXL
黑色男,S
深蓝男,XXL
幻影黑【男女同款】,XL
浅卡其男,S
幻影黑男【预售15-20天】,M
幻影黑男,L
幻影黑男,XL
黑色男,L
燕麦灰女,L
浅卡其男,XL
月光蓝女,XXL
幻影黑男,XL
幻影黑男,L
橄榄黑男,XXL
幻影黑男【预售15-20天】,XL
银灰印花/墨灰 男款,M
月光蓝女,XL
幻影黑男【预售15-20天】,M
深玫红印花/紫棠 女款,S
幻影黑.【男女同款】,M
凝夜紫男,L
浅卡其男,S
月光蓝女,L
黑色男,XL
幻影黑男,XXL
燕麦灰女,M
幻影黑女,S
浅卡其男,XXL
幻影黑【男女同款】,L
幻影黑男,XL
浅卡其男,L
幻影黑【男女同款】,L
幻影黑男【预售15-20天】,L
幻影黑【男女同款】,L
枪灰色男,L
幻影黑男【预售15-20天】,S
黑色男,XL
幻影黑女,S
幻影黑【男女同款】,XXL
黑色男,M
栗棕男,XL
幻影黑.【男女同款】,XXL
幻影黑.【男女同款】,M
银化绿女,XL
暮蓝女,M
幻影黑男,M
燕麦灰女,M
幻影黑女,M
幻影黑女,M
黑色男,S
幻影黑女,M
黑色男,M
幻影黑男【预售15-20天】,L
深蓝男,L
黑色男,XL
幻影黑男,S
幻影黑男【预售15-20天】,XL
燕麦灰女,L
幻影黑男,XL
幻影黑男,XL
幻影黑女,M
幻影黑男【预售15-20天】,XXL
幻影黑男【预售15-20天】,S
黑色男,M
幻影黑男【预售15-20天】,L
幻影黑男【预售15-20天】,XXL
幻影黑【男女同款】,XL
幻影黑男,XL
幻影黑男,M
燕麦灰女,S
浅卡其男,XL
幻影黑男【预售15-20天】,XL
深榄绿男,S
普蓝印花/深青蓝 男款,L
幻影黑男【预售15-20天】,M
幻影黑男【预售15-20天】,XL
幻影黑男,XL
燕麦灰女,M
黑色男,XL
暮蓝女,L
幻影黑男,XXL
银化绿女,M
墨蓝印花/墨蓝 男款,S
幻影黑女,L
幻影黑男,S
燕麦灰女,M
幻影黑男【预售15-20天】,L
幻影黑男,XL
黑色男,XL
幻影黑男,XXL
幻影黑男,S
幻影黑女,XXL
黑色男,M
幻影黑男,L
黑色男,L
幻影黑男,XL
银化绿女,L
黑色男,XL
黑色男,M
幻影黑男【预售15-20天】,L
月光蓝女,L
幻影黑男,L
黑色印花/黑色 男款,XL
幻影黑男,XL
幻影黑男,XL
燕麦灰女,M
月光蓝女,L
黑色男,L
黑色男,L
深蓝男,L
黑色印花/黑色 男款,XL
浅卡其男,L
燕麦灰女,XL
燕麦灰女,L
浅卡其男,L
幻影黑男,XXL
幻影黑男,L
幻影黑【男女同款】,L
浅卡其男,XXL
银灰印花/墨灰 男款,XXL
幻影黑男,XL
燕麦灰女,L
暮蓝女,M
黑色男,XXL
深蓝男,XXXL
幻影黑男,S
黑色印花/黑色 男款,XXL
浅卡其男,M
幻影黑男【预售15-20天】,XL
黑色男,XL
幻影黑【男女同款】,XL
幻影黑【男女同款】,M
深蓝男,L
幻影黑男,S
幻影黑【男女同款】,L
幻影黑男,XL
黑色男,S
墨蓝印花/墨蓝 男款,XXXL
黑色男,S
深蓝男,M
幻影黑男【预售15-20天】,L
普蓝印花/深青蓝 男款,L
浅卡其男,XL
深蓝男,XXL
月光蓝女,M
浅卡其男,XXL
幻影黑女,XL
浅卡其男,M
幻影黑男【预售15-20天】,XXL
幻影黑男,M
幻影黑男【预售15-20天】,XL
幻影黑男【预售15-20天】,L
幻影黑男,XXL
幻影黑男,S
黑色男,M
橄榄黑男,L
暮蓝女,M
珊瑚红印花/药紫红 女款,L
